package,version,license_expression,role,lockfile_path
"@alloc/quick-lru","5.3.0","MIT","transitive or optional","node_modules/@alloc/quick-lru"
"@babel/code-frame","7.29.7","MIT","transitive or optional","node_modules/@babel/code-frame"
"@babel/compat-data","7.29.7","MIT","transitive or optional","node_modules/@babel/compat-data"
"@babel/core","7.29.7","MIT","transitive or optional","node_modules/@babel/core"
"@babel/generator","7.29.8","MIT","transitive or optional","node_modules/@babel/generator"
"@babel/helper-compilation-targets","7.29.7","MIT","transitive or optional","node_modules/@babel/helper-compilation-targets"
"@babel/helper-globals","7.29.7","MIT","transitive or optional","node_modules/@babel/helper-globals"
"@babel/helper-module-imports","7.29.7","MIT","transitive or optional","node_modules/@babel/helper-module-imports"
"@babel/helper-module-transforms","7.29.7","MIT","transitive or optional","node_modules/@babel/helper-module-transforms"
"@babel/helper-string-parser","7.29.7","MIT","transitive or optional","node_modules/@babel/helper-string-parser"
"@babel/helper-validator-identifier","7.29.7","MIT","transitive or optional","node_modules/@babel/helper-validator-identifier"
"@babel/helper-validator-option","7.29.7","MIT","transitive or optional","node_modules/@babel/helper-validator-option"
"@babel/helpers","7.29.7","MIT","transitive or optional","node_modules/@babel/helpers"
"@babel/parser","7.29.9","MIT","transitive or optional","node_modules/@babel/parser"
"@babel/template","7.29.7","MIT","transitive or optional","node_modules/@babel/template"
"@babel/traverse","7.29.8","MIT","transitive or optional","node_modules/@babel/traverse"
"@babel/types","7.29.8","MIT","transitive or optional","node_modules/@babel/types"
"@borewit/text-codec","0.2.2","MIT","transitive or optional","node_modules/@borewit/text-codec"
"@drizzle-team/brocli","0.10.2","Apache-2.0","transitive or optional","node_modules/@drizzle-team/brocli"
"@electric-sql/pglite","0.5.8","Apache-2.0","direct development","node_modules/@electric-sql/pglite"
"@electric-sql/pglite-age","0.0.9","Apache-2.0","transitive or optional","node_modules/@electric-sql/pglite-age"
"@electric-sql/pglite-pg_hashids","0.0.9","Apache-2.0","transitive or optional","node_modules/@electric-sql/pglite-pg_hashids"
"@electric-sql/pglite-pg_ivm","0.0.9","Apache-2.0","transitive or optional","node_modules/@electric-sql/pglite-pg_ivm"
"@electric-sql/pglite-pg_textsearch","0.0.10","Apache-2.0","transitive or optional","node_modules/@electric-sql/pglite-pg_textsearch"
"@electric-sql/pglite-pg_uuidv7","0.0.9","Apache-2.0","transitive or optional","node_modules/@electric-sql/pglite-pg_uuidv7"
"@electric-sql/pglite-pgtap","0.0.9","Apache-2.0","transitive or optional","node_modules/@electric-sql/pglite-pgtap"
"@electric-sql/pglite-pgvector","0.0.9","Apache-2.0","transitive or optional","node_modules/@electric-sql/pglite-pgvector"
"@electric-sql/pglite-socket","0.2.11","Apache-2.0","direct development","node_modules/@electric-sql/pglite-socket"
"@electron-internal/extract-zip","1.0.5","BSD-2-Clause","transitive or optional","node_modules/@electron-internal/extract-zip"
"@electron/get","5.1.0","MIT","transitive or optional","node_modules/@electron/get"
"@emnapi/core","1.10.0","MIT","transitive or optional","node_modules/@emnapi/core"
"@emnapi/core","1.11.1","MIT","transitive or optional","node_modules/@tailwindcss/oxide-wasm32-wasi/node_modules/@emnapi/core"
"@emnapi/runtime","1.11.3","MIT","transitive or optional","node_modules/@emnapi/runtime"
"@emnapi/runtime","1.11.1","MIT","transitive or optional","node_modules/@tailwindcss/oxide-wasm32-wasi/node_modules/@emnapi/runtime"
"@emnapi/runtime","1.10.0","MIT","transitive or optional","node_modules/@unrs/resolver-binding-wasm32-wasi/node_modules/@emnapi/runtime"
"@emnapi/wasi-threads","1.2.1","MIT","transitive or optional","node_modules/@emnapi/wasi-threads"
"@emnapi/wasi-threads","1.2.2","MIT","transitive or optional","node_modules/@tailwindcss/oxide-wasm32-wasi/node_modules/@emnapi/wasi-threads"
"@esbuild-kit/core-utils","3.3.2","MIT","transitive or optional","node_modules/@esbuild-kit/core-utils"
"@esbuild-kit/esm-loader","2.6.5","MIT","transitive or optional","node_modules/@esbuild-kit/esm-loader"
"@esbuild/aix-ppc64","0.25.12","MIT","transitive or optional","node_modules/@esbuild-kit/core-utils/node_modules/@esbuild/aix-ppc64"
"@esbuild/aix-ppc64","0.28.2","MIT","transitive or optional","node_modules/@esbuild/aix-ppc64"
"@esbuild/aix-ppc64","0.25.12","MIT","transitive or optional","node_modules/drizzle-kit/node_modules/@esbuild/aix-ppc64"
"@esbuild/android-arm","0.25.12","MIT","transitive or optional","node_modules/@esbuild-kit/core-utils/node_modules/@esbuild/android-arm"
"@esbuild/android-arm","0.28.2","MIT","transitive or optional","node_modules/@esbuild/android-arm"
"@esbuild/android-arm","0.25.12","MIT","transitive or optional","node_modules/drizzle-kit/node_modules/@esbuild/android-arm"
"@esbuild/android-arm64","0.25.12","MIT","transitive or optional","node_modules/@esbuild-kit/core-utils/node_modules/@esbuild/android-arm64"
"@esbuild/android-arm64","0.28.2","MIT","transitive or optional","node_modules/@esbuild/android-arm64"
"@esbuild/android-arm64","0.25.12","MIT","transitive or optional","node_modules/drizzle-kit/node_modules/@esbuild/android-arm64"
"@esbuild/android-x64","0.25.12","MIT","transitive or optional","node_modules/@esbuild-kit/core-utils/node_modules/@esbuild/android-x64"
"@esbuild/android-x64","0.28.2","MIT","transitive or optional","node_modules/@esbuild/android-x64"
"@esbuild/android-x64","0.25.12","MIT","transitive or optional","node_modules/drizzle-kit/node_modules/@esbuild/android-x64"
"@esbuild/darwin-arm64","0.25.12","MIT","transitive or optional","node_modules/@esbuild-kit/core-utils/node_modules/@esbuild/darwin-arm64"
"@esbuild/darwin-arm64","0.28.2","MIT","transitive or optional","node_modules/@esbuild/darwin-arm64"
"@esbuild/darwin-arm64","0.25.12","MIT","transitive or optional","node_modules/drizzle-kit/node_modules/@esbuild/darwin-arm64"
"@esbuild/darwin-x64","0.25.12","MIT","transitive or optional","node_modules/@esbuild-kit/core-utils/node_modules/@esbuild/darwin-x64"
"@esbuild/darwin-x64","0.28.2","MIT","transitive or optional","node_modules/@esbuild/darwin-x64"
"@esbuild/darwin-x64","0.25.12","MIT","transitive or optional","node_modules/drizzle-kit/node_modules/@esbuild/darwin-x64"
"@esbuild/freebsd-arm64","0.25.12","MIT","transitive or optional","node_modules/@esbuild-kit/core-utils/node_modules/@esbuild/freebsd-arm64"
"@esbuild/freebsd-arm64","0.28.2","MIT","transitive or optional","node_modules/@esbuild/freebsd-arm64"
"@esbuild/freebsd-arm64","0.25.12","MIT","transitive or optional","node_modules/drizzle-kit/node_modules/@esbuild/freebsd-arm64"
"@esbuild/freebsd-x64","0.25.12","MIT","transitive or optional","node_modules/@esbuild-kit/core-utils/node_modules/@esbuild/freebsd-x64"
"@esbuild/freebsd-x64","0.28.2","MIT","transitive or optional","node_modules/@esbuild/freebsd-x64"
"@esbuild/freebsd-x64","0.25.12","MIT","transitive or optional","node_modules/drizzle-kit/node_modules/@esbuild/freebsd-x64"
"@esbuild/linux-arm","0.25.12","MIT","transitive or optional","node_modules/@esbuild-kit/core-utils/node_modules/@esbuild/linux-arm"
"@esbuild/linux-arm","0.28.2","MIT","transitive or optional","node_modules/@esbuild/linux-arm"
"@esbuild/linux-arm","0.25.12","MIT","transitive or optional","node_modules/drizzle-kit/node_modules/@esbuild/linux-arm"
"@esbuild/linux-arm64","0.25.12","MIT","transitive or optional","node_modules/@esbuild-kit/core-utils/node_modules/@esbuild/linux-arm64"
"@esbuild/linux-arm64","0.28.2","MIT","transitive or optional","node_modules/@esbuild/linux-arm64"
"@esbuild/linux-arm64","0.25.12","MIT","transitive or optional","node_modules/drizzle-kit/node_modules/@esbuild/linux-arm64"
"@esbuild/linux-ia32","0.25.12","MIT","transitive or optional","node_modules/@esbuild-kit/core-utils/node_modules/@esbuild/linux-ia32"
"@esbuild/linux-ia32","0.28.2","MIT","transitive or optional","node_modules/@esbuild/linux-ia32"
"@esbuild/linux-ia32","0.25.12","MIT","transitive or optional","node_modules/drizzle-kit/node_modules/@esbuild/linux-ia32"
"@esbuild/linux-loong64","0.25.12","MIT","transitive or optional","node_modules/@esbuild-kit/core-utils/node_modules/@esbuild/linux-loong64"
"@esbuild/linux-loong64","0.28.2","MIT","transitive or optional","node_modules/@esbuild/linux-loong64"
"@esbuild/linux-loong64","0.25.12","MIT","transitive or optional","node_modules/drizzle-kit/node_modules/@esbuild/linux-loong64"
"@esbuild/linux-mips64el","0.25.12","MIT","transitive or optional","node_modules/@esbuild-kit/core-utils/node_modules/@esbuild/linux-mips64el"
"@esbuild/linux-mips64el","0.28.2","MIT","transitive or optional","node_modules/@esbuild/linux-mips64el"
"@esbuild/linux-mips64el","0.25.12","MIT","transitive or optional","node_modules/drizzle-kit/node_modules/@esbuild/linux-mips64el"
"@esbuild/linux-ppc64","0.25.12","MIT","transitive or optional","node_modules/@esbuild-kit/core-utils/node_modules/@esbuild/linux-ppc64"
"@esbuild/linux-ppc64","0.28.2","MIT","transitive or optional","node_modules/@esbuild/linux-ppc64"
"@esbuild/linux-ppc64","0.25.12","MIT","transitive or optional","node_modules/drizzle-kit/node_modules/@esbuild/linux-ppc64"
"@esbuild/linux-riscv64","0.25.12","MIT","transitive or optional","node_modules/@esbuild-kit/core-utils/node_modules/@esbuild/linux-riscv64"
"@esbuild/linux-riscv64","0.28.2","MIT","transitive or optional","node_modules/@esbuild/linux-riscv64"
"@esbuild/linux-riscv64","0.25.12","MIT","transitive or optional","node_modules/drizzle-kit/node_modules/@esbuild/linux-riscv64"
"@esbuild/linux-s390x","0.25.12","MIT","transitive or optional","node_modules/@esbuild-kit/core-utils/node_modules/@esbuild/linux-s390x"
"@esbuild/linux-s390x","0.28.2","MIT","transitive or optional","node_modules/@esbuild/linux-s390x"
"@esbuild/linux-s390x","0.25.12","MIT","transitive or optional","node_modules/drizzle-kit/node_modules/@esbuild/linux-s390x"
"@esbuild/linux-x64","0.25.12","MIT","transitive or optional","node_modules/@esbuild-kit/core-utils/node_modules/@esbuild/linux-x64"
"@esbuild/linux-x64","0.28.2","MIT","transitive or optional","node_modules/@esbuild/linux-x64"
"@esbuild/linux-x64","0.25.12","MIT","transitive or optional","node_modules/drizzle-kit/node_modules/@esbuild/linux-x64"
"@esbuild/netbsd-arm64","0.25.12","MIT","transitive or optional","node_modules/@esbuild-kit/core-utils/node_modules/@esbuild/netbsd-arm64"
"@esbuild/netbsd-arm64","0.28.2","MIT","transitive or optional","node_modules/@esbuild/netbsd-arm64"
"@esbuild/netbsd-arm64","0.25.12","MIT","transitive or optional","node_modules/drizzle-kit/node_modules/@esbuild/netbsd-arm64"
"@esbuild/netbsd-x64","0.25.12","MIT","transitive or optional","node_modules/@esbuild-kit/core-utils/node_modules/@esbuild/netbsd-x64"
"@esbuild/netbsd-x64","0.28.2","MIT","transitive or optional","node_modules/@esbuild/netbsd-x64"
"@esbuild/netbsd-x64","0.25.12","MIT","transitive or optional","node_modules/drizzle-kit/node_modules/@esbuild/netbsd-x64"
"@esbuild/openbsd-arm64","0.25.12","MIT","transitive or optional","node_modules/@esbuild-kit/core-utils/node_modules/@esbuild/openbsd-arm64"
"@esbuild/openbsd-arm64","0.28.2","MIT","transitive or optional","node_modules/@esbuild/openbsd-arm64"
"@esbuild/openbsd-arm64","0.25.12","MIT","transitive or optional","node_modules/drizzle-kit/node_modules/@esbuild/openbsd-arm64"
"@esbuild/openbsd-x64","0.25.12","MIT","transitive or optional","node_modules/@esbuild-kit/core-utils/node_modules/@esbuild/openbsd-x64"
"@esbuild/openbsd-x64","0.28.2","MIT","transitive or optional","node_modules/@esbuild/openbsd-x64"
"@esbuild/openbsd-x64","0.25.12","MIT","transitive or optional","node_modules/drizzle-kit/node_modules/@esbuild/openbsd-x64"
"@esbuild/openharmony-arm64","0.25.12","MIT","transitive or optional","node_modules/@esbuild-kit/core-utils/node_modules/@esbuild/openharmony-arm64"
"@esbuild/openharmony-arm64","0.28.2","MIT","transitive or optional","node_modules/@esbuild/openharmony-arm64"
"@esbuild/openharmony-arm64","0.25.12","MIT","transitive or optional","node_modules/drizzle-kit/node_modules/@esbuild/openharmony-arm64"
"@esbuild/sunos-x64","0.25.12","MIT","transitive or optional","node_modules/@esbuild-kit/core-utils/node_modules/@esbuild/sunos-x64"
"@esbuild/sunos-x64","0.28.2","MIT","transitive or optional","node_modules/@esbuild/sunos-x64"
"@esbuild/sunos-x64","0.25.12","MIT","transitive or optional","node_modules/drizzle-kit/node_modules/@esbuild/sunos-x64"
"@esbuild/win32-arm64","0.25.12","MIT","transitive or optional","node_modules/@esbuild-kit/core-utils/node_modules/@esbuild/win32-arm64"
"@esbuild/win32-arm64","0.28.2","MIT","transitive or optional","node_modules/@esbuild/win32-arm64"
"@esbuild/win32-arm64","0.25.12","MIT","transitive or optional","node_modules/drizzle-kit/node_modules/@esbuild/win32-arm64"
"@esbuild/win32-ia32","0.25.12","MIT","transitive or optional","node_modules/@esbuild-kit/core-utils/node_modules/@esbuild/win32-ia32"
"@esbuild/win32-ia32","0.28.2","MIT","transitive or optional","node_modules/@esbuild/win32-ia32"
"@esbuild/win32-ia32","0.25.12","MIT","transitive or optional","node_modules/drizzle-kit/node_modules/@esbuild/win32-ia32"
"@esbuild/win32-x64","0.25.12","MIT","transitive or optional","node_modules/@esbuild-kit/core-utils/node_modules/@esbuild/win32-x64"
"@esbuild/win32-x64","0.28.2","MIT","transitive or optional","node_modules/@esbuild/win32-x64"
"@esbuild/win32-x64","0.25.12","MIT","transitive or optional","node_modules/drizzle-kit/node_modules/@esbuild/win32-x64"
"@eslint-community/eslint-utils","4.10.1","MIT","transitive or optional","node_modules/@eslint-community/eslint-utils"
"@eslint-community/eslint-utils","4.9.1","MIT","transitive or optional","node_modules/@next/eslint-plugin-next/node_modules/@eslint-community/eslint-utils"
"@eslint-community/regexpp","4.12.2","MIT","transitive or optional","node_modules/@eslint-community/regexpp"
"@eslint/config-array","0.21.2","Apache-2.0","transitive or optional","node_modules/@eslint/config-array"
"@eslint/config-helpers","0.4.2","Apache-2.0","transitive or optional","node_modules/@eslint/config-helpers"
"@eslint/core","0.17.0","Apache-2.0","transitive or optional","node_modules/@eslint/core"
"@eslint/eslintrc","3.3.7","MIT","transitive or optional","node_modules/@eslint/eslintrc"
"@eslint/js","9.39.5","MIT","transitive or optional","node_modules/@eslint/js"
"@eslint/object-schema","2.1.7","Apache-2.0","transitive or optional","node_modules/@eslint/object-schema"
"@eslint/plugin-kit","0.4.1","Apache-2.0","transitive or optional","node_modules/@eslint/plugin-kit"
"@humanfs/core","0.19.2","Apache-2.0","transitive or optional","node_modules/@humanfs/core"
"@humanfs/node","0.16.8","Apache-2.0","transitive or optional","node_modules/@humanfs/node"
"@humanfs/types","0.15.0","Apache-2.0","transitive or optional","node_modules/@humanfs/types"
"@humanwhocodes/module-importer","1.0.1","Apache-2.0","transitive or optional","node_modules/@humanwhocodes/module-importer"
"@humanwhocodes/retry","0.4.3","Apache-2.0","transitive or optional","node_modules/@humanwhocodes/retry"
"@img/colour","1.1.0","MIT","transitive or optional","node_modules/@img/colour"
"@img/sharp-darwin-arm64","0.35.5","Apache-2.0","transitive or optional","node_modules/@img/sharp-darwin-arm64"
"@img/sharp-darwin-x64","0.35.5","Apache-2.0","transitive or optional","node_modules/@img/sharp-darwin-x64"
"@img/sharp-freebsd-wasm32","0.35.5","Apache-2.0","transitive or optional","node_modules/@img/sharp-freebsd-wasm32"
"@img/sharp-libvips-darwin-arm64","1.3.4","LGPL-3.0-or-later","transitive or optional","node_modules/@img/sharp-libvips-darwin-arm64"
"@img/sharp-libvips-darwin-x64","1.3.4","LGPL-3.0-or-later","transitive or optional","node_modules/@img/sharp-libvips-darwin-x64"
"@img/sharp-libvips-linux-arm","1.3.4","LGPL-3.0-or-later","transitive or optional","node_modules/@img/sharp-libvips-linux-arm"
"@img/sharp-libvips-linux-arm64","1.3.4","LGPL-3.0-or-later","transitive or optional","node_modules/@img/sharp-libvips-linux-arm64"
"@img/sharp-libvips-linux-ppc64","1.3.4","LGPL-3.0-or-later","transitive or optional","node_modules/@img/sharp-libvips-linux-ppc64"
"@img/sharp-libvips-linux-riscv64","1.3.4","LGPL-3.0-or-later","transitive or optional","node_modules/@img/sharp-libvips-linux-riscv64"
"@img/sharp-libvips-linux-s390x","1.3.4","LGPL-3.0-or-later","transitive or optional","node_modules/@img/sharp-libvips-linux-s390x"
"@img/sharp-libvips-linux-x64","1.3.4","LGPL-3.0-or-later","transitive or optional","node_modules/@img/sharp-libvips-linux-x64"
"@img/sharp-libvips-linuxmusl-arm64","1.3.4","LGPL-3.0-or-later","transitive or optional","node_modules/@img/sharp-libvips-linuxmusl-arm64"
"@img/sharp-libvips-linuxmusl-x64","1.3.4","LGPL-3.0-or-later","transitive or optional","node_modules/@img/sharp-libvips-linuxmusl-x64"
"@img/sharp-linux-arm","0.35.5","Apache-2.0","transitive or optional","node_modules/@img/sharp-linux-arm"
"@img/sharp-linux-arm64","0.35.5","Apache-2.0","transitive or optional","node_modules/@img/sharp-linux-arm64"
"@img/sharp-linux-ppc64","0.35.5","Apache-2.0","transitive or optional","node_modules/@img/sharp-linux-ppc64"
"@img/sharp-linux-riscv64","0.35.5","Apache-2.0","transitive or optional","node_modules/@img/sharp-linux-riscv64"
"@img/sharp-linux-s390x","0.35.5","Apache-2.0","transitive or optional","node_modules/@img/sharp-linux-s390x"
"@img/sharp-linux-x64","0.35.5","Apache-2.0","transitive or optional","node_modules/@img/sharp-linux-x64"
"@img/sharp-linuxmusl-arm64","0.35.5","Apache-2.0","transitive or optional","node_modules/@img/sharp-linuxmusl-arm64"
"@img/sharp-linuxmusl-x64","0.35.5","Apache-2.0","transitive or optional","node_modules/@img/sharp-linuxmusl-x64"
"@img/sharp-wasm32","0.35.5","Apache-2.0 AND LGPL-3.0-or-later AND MIT","transitive or optional","node_modules/@img/sharp-wasm32"
"@img/sharp-webcontainers-wasm32","0.35.5","Apache-2.0","transitive or optional","node_modules/@img/sharp-webcontainers-wasm32"
"@img/sharp-win32-arm64","0.35.5","Apache-2.0 AND LGPL-3.0-or-later","transitive or optional","node_modules/@img/sharp-win32-arm64"
"@img/sharp-win32-ia32","0.35.5","Apache-2.0 AND LGPL-3.0-or-later","transitive or optional","node_modules/@img/sharp-win32-ia32"
"@img/sharp-win32-x64","0.35.5","Apache-2.0 AND LGPL-3.0-or-later","transitive or optional","node_modules/@img/sharp-win32-x64"
"@jridgewell/gen-mapping","0.3.13","MIT","transitive or optional","node_modules/@jridgewell/gen-mapping"
"@jridgewell/remapping","2.3.5","MIT","transitive or optional","node_modules/@jridgewell/remapping"
"@jridgewell/resolve-uri","3.1.2","MIT","transitive or optional","node_modules/@jridgewell/resolve-uri"
"@jridgewell/sourcemap-codec","1.6.0","MIT","transitive or optional","node_modules/@jridgewell/sourcemap-codec"
"@jridgewell/trace-mapping","0.3.31","MIT","transitive or optional","node_modules/@jridgewell/trace-mapping"
"@napi-rs/wasm-runtime","1.2.4","MIT","transitive or optional","node_modules/@napi-rs/wasm-runtime"
"@napi-rs/wasm-runtime","1.1.4","MIT","transitive or optional","node_modules/@tailwindcss/oxide-wasm32-wasi/node_modules/@napi-rs/wasm-runtime"
"@next/env","16.3.8","MIT","transitive or optional","node_modules/@next/env"
"@next/eslint-plugin-next","16.3.8","MIT","transitive or optional","node_modules/@next/eslint-plugin-next"
"@next/swc-darwin-arm64","16.3.8","MIT","transitive or optional","node_modules/@next/swc-darwin-arm64"
"@next/swc-darwin-x64","16.3.8","MIT","transitive or optional","node_modules/@next/swc-darwin-x64"
"@next/swc-linux-arm64-gnu","16.3.8","MIT","transitive or optional","node_modules/@next/swc-linux-arm64-gnu"
"@next/swc-linux-arm64-musl","16.3.8","MIT","transitive or optional","node_modules/@next/swc-linux-arm64-musl"
"@next/swc-linux-x64-gnu","16.3.8","MIT","transitive or optional","node_modules/@next/swc-linux-x64-gnu"
"@next/swc-linux-x64-musl","16.3.8","MIT","transitive or optional","node_modules/@next/swc-linux-x64-musl"
"@next/swc-win32-arm64-msvc","16.3.8","MIT","transitive or optional","node_modules/@next/swc-win32-arm64-msvc"
"@next/swc-win32-x64-msvc","16.3.8","MIT","transitive or optional","node_modules/@next/swc-win32-x64-msvc"
"@nodelib/fs.scandir","2.1.5","MIT","transitive or optional","node_modules/@nodelib/fs.scandir"
"@nodelib/fs.stat","2.0.5","MIT","transitive or optional","node_modules/@nodelib/fs.stat"
"@nodelib/fs.walk","1.2.8","MIT","transitive or optional","node_modules/@nodelib/fs.walk"
"@nolyfill/is-core-module","1.0.39","MIT","transitive or optional","node_modules/@nolyfill/is-core-module"
"@oxc-project/types","0.152.0","MIT","transitive or optional","node_modules/@oxc-project/types"
"@playwright/test","1.63.0","Apache-2.0","direct development","node_modules/@playwright/test"
"@rolldown/binding-android-arm-eabi","1.2.12","MIT","transitive or optional","node_modules/@rolldown/binding-android-arm-eabi"
"@rolldown/binding-android-arm64","1.2.12","MIT","transitive or optional","node_modules/@rolldown/binding-android-arm64"
"@rolldown/binding-darwin-arm64","1.2.12","MIT","transitive or optional","node_modules/@rolldown/binding-darwin-arm64"
"@rolldown/binding-darwin-x64","1.2.12","MIT","transitive or optional","node_modules/@rolldown/binding-darwin-x64"
"@rolldown/binding-freebsd-x64","1.2.12","MIT","transitive or optional","node_modules/@rolldown/binding-freebsd-x64"
"@rolldown/binding-linux-arm-gnueabihf","1.2.12","MIT","transitive or optional","node_modules/@rolldown/binding-linux-arm-gnueabihf"
"@rolldown/binding-linux-arm64-gnu","1.2.12","MIT","transitive or optional","node_modules/@rolldown/binding-linux-arm64-gnu"
"@rolldown/binding-linux-arm64-musl","1.2.12","MIT","transitive or optional","node_modules/@rolldown/binding-linux-arm64-musl"
"@rolldown/binding-linux-ppc64-gnu","1.2.12","MIT","transitive or optional","node_modules/@rolldown/binding-linux-ppc64-gnu"
"@rolldown/binding-linux-s390x-gnu","1.2.12","MIT","transitive or optional","node_modules/@rolldown/binding-linux-s390x-gnu"
"@rolldown/binding-linux-x64-gnu","1.2.12","MIT","transitive or optional","node_modules/@rolldown/binding-linux-x64-gnu"
"@rolldown/binding-linux-x64-musl","1.2.12","MIT","transitive or optional","node_modules/@rolldown/binding-linux-x64-musl"
"@rolldown/binding-openharmony-arm64","1.2.12","MIT","transitive or optional","node_modules/@rolldown/binding-openharmony-arm64"
"@rolldown/binding-win32-arm64-msvc","1.2.12","MIT","transitive or optional","node_modules/@rolldown/binding-win32-arm64-msvc"
"@rolldown/binding-win32-x64-msvc","1.2.12","MIT","transitive or optional","node_modules/@rolldown/binding-win32-x64-msvc"
"@rolldown/pluginutils","1.0.1","MIT","transitive or optional","node_modules/@rolldown/pluginutils"
"@rtsao/scc","1.1.0","MIT","transitive or optional","node_modules/@rtsao/scc"
"@swc/helpers","0.5.23","Apache-2.0","transitive or optional","node_modules/@swc/helpers"
"@tailwindcss/node","4.3.3","MIT","transitive or optional","node_modules/@tailwindcss/node"
"@tailwindcss/oxide","4.3.3","MIT","transitive or optional","node_modules/@tailwindcss/oxide"
"@tailwindcss/oxide-android-arm64","4.3.3","MIT","transitive or optional","node_modules/@tailwindcss/oxide-android-arm64"
"@tailwindcss/oxide-darwin-arm64","4.3.3","MIT","transitive or optional","node_modules/@tailwindcss/oxide-darwin-arm64"
"@tailwindcss/oxide-darwin-x64","4.3.3","MIT","transitive or optional","node_modules/@tailwindcss/oxide-darwin-x64"
"@tailwindcss/oxide-freebsd-x64","4.3.3","MIT","transitive or optional","node_modules/@tailwindcss/oxide-freebsd-x64"
"@tailwindcss/oxide-linux-arm-gnueabihf","4.3.3","MIT","transitive or optional","node_modules/@tailwindcss/oxide-linux-arm-gnueabihf"
"@tailwindcss/oxide-linux-arm64-gnu","4.3.3","MIT","transitive or optional","node_modules/@tailwindcss/oxide-linux-arm64-gnu"
"@tailwindcss/oxide-linux-arm64-musl","4.3.3","MIT","transitive or optional","node_modules/@tailwindcss/oxide-linux-arm64-musl"
"@tailwindcss/oxide-linux-x64-gnu","4.3.3","MIT","transitive or optional","node_modules/@tailwindcss/oxide-linux-x64-gnu"
"@tailwindcss/oxide-linux-x64-musl","4.3.3","MIT","transitive or optional","node_modules/@tailwindcss/oxide-linux-x64-musl"
"@tailwindcss/oxide-wasm32-wasi","4.3.3","MIT","transitive or optional","node_modules/@tailwindcss/oxide-wasm32-wasi"
"@tailwindcss/oxide-win32-arm64-msvc","4.3.3","MIT","transitive or optional","node_modules/@tailwindcss/oxide-win32-arm64-msvc"
"@tailwindcss/oxide-win32-x64-msvc","4.3.3","MIT","transitive or optional","node_modules/@tailwindcss/oxide-win32-x64-msvc"
"@tailwindcss/postcss","4.3.3","MIT","direct development","node_modules/@tailwindcss/postcss"
"@tokenizer/inflate","0.4.1","MIT","transitive or optional","node_modules/@tokenizer/inflate"
"@tokenizer/token","0.3.0","MIT","transitive or optional","node_modules/@tokenizer/token"
"@tootallnate/quickjs-emscripten","0.23.0","MIT","transitive or optional","node_modules/@tootallnate/quickjs-emscripten"
"@tybys/wasm-util","0.10.2","MIT","transitive or optional","node_modules/@tailwindcss/oxide-wasm32-wasi/node_modules/@tybys/wasm-util"
"@tybys/wasm-util","0.10.4","MIT","transitive or optional","node_modules/@tybys/wasm-util"
"@types/chai","5.2.3","MIT","transitive or optional","node_modules/@types/chai"
"@types/d3-color","3.1.3","MIT","transitive or optional","node_modules/@types/d3-color"
"@types/d3-drag","3.0.7","MIT","transitive or optional","node_modules/@types/d3-drag"
"@types/d3-force","3.0.10","MIT","direct development","node_modules/@types/d3-force"
"@types/d3-interpolate","3.0.4","MIT","transitive or optional","node_modules/@types/d3-interpolate"
"@types/d3-selection","3.0.12","MIT","transitive or optional","node_modules/@types/d3-selection"
"@types/d3-transition","3.0.9","MIT","transitive or optional","node_modules/@types/d3-transition"
"@types/d3-zoom","3.0.9","MIT","transitive or optional","node_modules/@types/d3-zoom"
"@types/deep-eql","4.0.2","MIT","transitive or optional","node_modules/@types/deep-eql"
"@types/estree","1.0.9","MIT","transitive or optional","node_modules/@types/estree"
"@types/json-schema","7.0.15","MIT","transitive or optional","node_modules/@types/json-schema"
"@types/json5","0.0.29","MIT","transitive or optional","node_modules/@types/json5"
"@types/node","24.19.1","MIT","direct development","node_modules/@types/node"
"@types/pg","8.23.1","MIT","direct development","node_modules/@types/pg"
"@types/react","19.3.0","MIT","direct development","node_modules/@types/react"
"@types/react-dom","19.3.0","MIT","direct development","node_modules/@types/react-dom"
"@typescript-eslint/eslint-plugin","8.71.0","MIT","transitive or optional","node_modules/@typescript-eslint/eslint-plugin"
"@typescript-eslint/parser","8.71.0","MIT","transitive or optional","node_modules/@typescript-eslint/parser"
"@typescript-eslint/project-service","8.71.0","MIT","transitive or optional","node_modules/@typescript-eslint/project-service"
"@typescript-eslint/scope-manager","8.71.0","MIT","transitive or optional","node_modules/@typescript-eslint/scope-manager"
"@typescript-eslint/tsconfig-utils","8.71.0","MIT","transitive or optional","node_modules/@typescript-eslint/tsconfig-utils"
"@typescript-eslint/type-utils","8.71.0","MIT","transitive or optional","node_modules/@typescript-eslint/type-utils"
"@typescript-eslint/types","8.71.0","MIT","transitive or optional","node_modules/@typescript-eslint/types"
"@typescript-eslint/typescript-estree","8.71.0","MIT","transitive or optional","node_modules/@typescript-eslint/typescript-estree"
"@typescript-eslint/utils","8.71.0","MIT","transitive or optional","node_modules/@typescript-eslint/utils"
"@typescript-eslint/visitor-keys","8.71.0","MIT","transitive or optional","node_modules/@typescript-eslint/visitor-keys"
"@unrs/resolver-binding-android-arm-eabi","1.12.2","MIT","transitive or optional","node_modules/@unrs/resolver-binding-android-arm-eabi"
"@unrs/resolver-binding-android-arm64","1.12.2","MIT","transitive or optional","node_modules/@unrs/resolver-binding-android-arm64"
"@unrs/resolver-binding-darwin-arm64","1.12.2","MIT","transitive or optional","node_modules/@unrs/resolver-binding-darwin-arm64"
"@unrs/resolver-binding-darwin-x64","1.12.2","MIT","transitive or optional","node_modules/@unrs/resolver-binding-darwin-x64"
"@unrs/resolver-binding-freebsd-x64","1.12.2","MIT","transitive or optional","node_modules/@unrs/resolver-binding-freebsd-x64"
"@unrs/resolver-binding-linux-arm-gnueabihf","1.12.2","MIT","transitive or optional","node_modules/@unrs/resolver-binding-linux-arm-gnueabihf"
"@unrs/resolver-binding-linux-arm-musleabihf","1.12.2","MIT","transitive or optional","node_modules/@unrs/resolver-binding-linux-arm-musleabihf"
"@unrs/resolver-binding-linux-arm64-gnu","1.12.2","MIT","transitive or optional","node_modules/@unrs/resolver-binding-linux-arm64-gnu"
"@unrs/resolver-binding-linux-arm64-musl","1.12.2","MIT","transitive or optional","node_modules/@unrs/resolver-binding-linux-arm64-musl"
"@unrs/resolver-binding-linux-loong64-gnu","1.12.2","MIT","transitive or optional","node_modules/@unrs/resolver-binding-linux-loong64-gnu"
"@unrs/resolver-binding-linux-loong64-musl","1.12.2","MIT","transitive or optional","node_modules/@unrs/resolver-binding-linux-loong64-musl"
"@unrs/resolver-binding-linux-ppc64-gnu","1.12.2","MIT","transitive or optional","node_modules/@unrs/resolver-binding-linux-ppc64-gnu"
"@unrs/resolver-binding-linux-riscv64-gnu","1.12.2","MIT","transitive or optional","node_modules/@unrs/resolver-binding-linux-riscv64-gnu"
"@unrs/resolver-binding-linux-riscv64-musl","1.12.2","MIT","transitive or optional","node_modules/@unrs/resolver-binding-linux-riscv64-musl"
"@unrs/resolver-binding-linux-s390x-gnu","1.12.2","MIT","transitive or optional","node_modules/@unrs/resolver-binding-linux-s390x-gnu"
"@unrs/resolver-binding-linux-x64-gnu","1.12.2","MIT","transitive or optional","node_modules/@unrs/resolver-binding-linux-x64-gnu"
"@unrs/resolver-binding-linux-x64-musl","1.12.2","MIT","transitive or optional","node_modules/@unrs/resolver-binding-linux-x64-musl"
"@unrs/resolver-binding-openharmony-arm64","1.12.2","MIT","transitive or optional","node_modules/@unrs/resolver-binding-openharmony-arm64"
"@unrs/resolver-binding-wasm32-wasi","1.12.2","MIT","transitive or optional","node_modules/@unrs/resolver-binding-wasm32-wasi"
"@unrs/resolver-binding-win32-arm64-msvc","1.12.2","MIT","transitive or optional","node_modules/@unrs/resolver-binding-win32-arm64-msvc"
"@unrs/resolver-binding-win32-ia32-msvc","1.12.2","MIT","transitive or optional","node_modules/@unrs/resolver-binding-win32-ia32-msvc"
"@unrs/resolver-binding-win32-x64-msvc","1.12.2","MIT","transitive or optional","node_modules/@unrs/resolver-binding-win32-x64-msvc"
"@vitest/mocker","5.0.3","MIT","transitive or optional","node_modules/@vitest/mocker"
"@vitest/spy","5.0.3","MIT","transitive or optional","node_modules/@vitest/spy"
"@xyflow/react","12.12.0","MIT","direct runtime","node_modules/@xyflow/react"
"@xyflow/system","0.0.83","MIT","transitive or optional","node_modules/@xyflow/system"
"accepts","1.3.8","MIT","transitive or optional","node_modules/accepts"
"acorn","8.18.0","MIT","transitive or optional","node_modules/acorn"
"acorn-jsx","5.3.2","MIT","transitive or optional","node_modules/acorn-jsx"
"agent-base","6.0.2","MIT","transitive or optional","node_modules/agent-base"
"agent-base","7.1.4","MIT","transitive or optional","node_modules/http-proxy-agent/node_modules/agent-base"
"agent-base","7.1.4","MIT","transitive or optional","node_modules/pac-proxy-agent/node_modules/agent-base"
"agent-base","7.1.4","MIT","transitive or optional","node_modules/socks-proxy-agent/node_modules/agent-base"
"ajv","6.15.0","MIT","transitive or optional","node_modules/ajv"
"ansi-regex","5.0.1","MIT","transitive or optional","node_modules/ansi-regex"
"ansi-styles","4.3.0","MIT","transitive or optional","node_modules/ansi-styles"
"argparse","2.0.1","Python-2.0","transitive or optional","node_modules/argparse"
"aria-query","5.3.2","Apache-2.0","transitive or optional","node_modules/aria-query"
"array-buffer-byte-length","1.0.2","MIT","transitive or optional","node_modules/array-buffer-byte-length"
"array-flatten","1.1.1","MIT","transitive or optional","node_modules/array-flatten"
"array-includes","3.2.0","MIT","transitive or optional","node_modules/array-includes"
"array.prototype.findlast","1.2.5","MIT","transitive or optional","node_modules/array.prototype.findlast"
"array.prototype.findlastindex","1.2.6","MIT","transitive or optional","node_modules/array.prototype.findlastindex"
"array.prototype.flat","1.3.3","MIT","transitive or optional","node_modules/array.prototype.flat"
"array.prototype.flatmap","1.3.3","MIT","transitive or optional","node_modules/array.prototype.flatmap"
"array.prototype.tosorted","1.1.4","MIT","transitive or optional","node_modules/array.prototype.tosorted"
"arraybuffer.prototype.slice","1.0.4","MIT","transitive or optional","node_modules/arraybuffer.prototype.slice"
"assertion-error","2.0.1","MIT","transitive or optional","node_modules/assertion-error"
"ast-types","0.13.4","MIT","transitive or optional","node_modules/ast-types"
"ast-types-flow","0.0.8","MIT","transitive or optional","node_modules/ast-types-flow"
"async-function","1.0.0","MIT","transitive or optional","node_modules/async-function"
"asynckit","0.4.0","MIT","transitive or optional","node_modules/asynckit"
"available-typed-arrays","1.0.7","MIT","transitive or optional","node_modules/available-typed-arrays"
"axe-core","4.13.0","MPL-2.0","transitive or optional","node_modules/axe-core"
"axios","1.20.0","MIT","transitive or optional","node_modules/axios"
"axobject-query","4.1.0","Apache-2.0","transitive or optional","node_modules/axobject-query"
"balanced-match","4.0.4","MIT","transitive or optional","node_modules/@typescript-eslint/typescript-estree/node_modules/balanced-match"
"balanced-match","1.0.2","MIT","transitive or optional","node_modules/balanced-match"
"baseline-browser-mapping","2.11.27","Apache-2.0","transitive or optional","node_modules/baseline-browser-mapping"
"basic-ftp","6.2.2","MIT","transitive or optional","node_modules/basic-ftp"
"body-parser","1.20.8","MIT","transitive or optional","node_modules/body-parser"
"brace-expansion","5.0.12","MIT","transitive or optional","node_modules/@typescript-eslint/typescript-estree/node_modules/brace-expansion"
"brace-expansion","1.1.21","MIT","transitive or optional","node_modules/brace-expansion"
"braces","3.0.3","MIT","transitive or optional","node_modules/braces"
"browserslist","4.29.3","MIT","transitive or optional","node_modules/browserslist"
"buffer-from","1.1.2","MIT","transitive or optional","node_modules/buffer-from"
"busboy","1.6.0","MIT","transitive or optional","node_modules/busboy"
"bytes","3.1.2","MIT","transitive or optional","node_modules/bytes"
"call-bind","1.0.9","MIT","transitive or optional","node_modules/call-bind"
"call-bind-apply-helpers","1.0.2","MIT","transitive or optional","node_modules/call-bind-apply-helpers"
"call-bound","1.0.4","MIT","transitive or optional","node_modules/call-bound"
"callsites","3.1.0","MIT","transitive or optional","node_modules/callsites"
"camelcase","5.3.1","MIT","transitive or optional","node_modules/camelcase"
"caniuse-lite","1.0.30001814","CC-BY-4.0","transitive or optional","node_modules/caniuse-lite"
"chai","6.3.0","MIT","transitive or optional","node_modules/chai"
"chalk","4.1.2","MIT","transitive or optional","node_modules/chalk"
"charenc","0.0.2","BSD-3-Clause","transitive or optional","node_modules/charenc"
"classcat","5.0.5","MIT","transitive or optional","node_modules/classcat"
"client-only","0.0.1","MIT","transitive or optional","node_modules/client-only"
"cliui","8.0.1","ISC","transitive or optional","node_modules/cliui"
"cliui","6.0.0","ISC","transitive or optional","node_modules/qrcode/node_modules/cliui"
"color-convert","2.0.1","MIT","transitive or optional","node_modules/color-convert"
"color-name","1.1.4","MIT","transitive or optional","node_modules/color-name"
"combined-stream","1.0.8","MIT","transitive or optional","node_modules/combined-stream"
"concat-map","0.0.1","MIT","transitive or optional","node_modules/concat-map"
"content-disposition","0.5.4","MIT","transitive or optional","node_modules/content-disposition"
"content-type","1.0.5","MIT","transitive or optional","node_modules/content-type"
"content-type","2.1.0","MIT","transitive or optional","node_modules/music-metadata/node_modules/content-type"
"convert-source-map","2.0.0","MIT","transitive or optional","node_modules/convert-source-map"
"cookie","0.7.2","MIT","transitive or optional","node_modules/cookie"
"cookie-signature","1.0.7","MIT","transitive or optional","node_modules/cookie-signature"
"cross-spawn","7.0.6","MIT","transitive or optional","node_modules/cross-spawn"
"crypt","0.0.2","BSD-3-Clause","transitive or optional","node_modules/crypt"
"crypto-js","4.2.0","MIT","transitive or optional","node_modules/crypto-js"
"csstype","3.2.3","MIT","transitive or optional","node_modules/csstype"
"csv-parse","7.0.3","MIT","direct runtime","node_modules/csv-parse"
"d3-color","3.1.0","ISC","transitive or optional","node_modules/d3-color"
"d3-dispatch","3.0.1","ISC","transitive or optional","node_modules/d3-dispatch"
"d3-drag","3.0.0","ISC","transitive or optional","node_modules/d3-drag"
"d3-ease","3.0.1","BSD-3-Clause","transitive or optional","node_modules/d3-ease"
"d3-force","3.0.0","ISC","direct runtime","node_modules/d3-force"
"d3-interpolate","3.0.1","ISC","transitive or optional","node_modules/d3-interpolate"
"d3-quadtree","3.0.1","ISC","transitive or optional","node_modules/d3-quadtree"
"d3-selection","3.0.0","ISC","transitive or optional","node_modules/d3-selection"
"d3-timer","3.0.1","ISC","transitive or optional","node_modules/d3-timer"
"d3-transition","3.0.1","ISC","transitive or optional","node_modules/d3-transition"
"d3-zoom","3.0.0","ISC","transitive or optional","node_modules/d3-zoom"
"damerau-levenshtein","1.0.8","BSD-2-Clause","transitive or optional","node_modules/damerau-levenshtein"
"data-uri-to-buffer","6.0.2","MIT","transitive or optional","node_modules/data-uri-to-buffer"
"data-view-buffer","1.0.2","MIT","transitive or optional","node_modules/data-view-buffer"
"data-view-byte-length","1.0.2","MIT","transitive or optional","node_modules/data-view-byte-length"
"data-view-byte-offset","1.0.1","MIT","transitive or optional","node_modules/data-view-byte-offset"
"debug","2.6.9","MIT","transitive or optional","node_modules/body-parser/node_modules/debug"
"debug","4.4.3","MIT","transitive or optional","node_modules/debug"
"debug","3.2.7","MIT","transitive or optional","node_modules/eslint-import-resolver-node/node_modules/debug"
"debug","3.2.7","MIT","transitive or optional","node_modules/eslint-module-utils/node_modules/debug"
"debug","3.2.7","MIT","transitive or optional","node_modules/eslint-plugin-import/node_modules/debug"
"debug","2.6.9","MIT","transitive or optional","node_modules/express/node_modules/debug"
"debug","2.6.9","MIT","transitive or optional","node_modules/finalhandler/node_modules/debug"
"debug","2.6.9","MIT","transitive or optional","node_modules/send/node_modules/debug"
"decamelize","1.2.0","MIT","transitive or optional","node_modules/decamelize"
"deep-is","0.1.4","MIT","transitive or optional","node_modules/deep-is"
"define-data-property","1.1.4","MIT","transitive or optional","node_modules/define-data-property"
"define-properties","1.2.1","MIT","transitive or optional","node_modules/define-properties"
"degenerator","5.0.1","MIT","transitive or optional","node_modules/degenerator"
"delayed-stream","1.0.0","MIT","transitive or optional","node_modules/delayed-stream"
"depd","2.0.0","MIT","transitive or optional","node_modules/depd"
"destroy","1.2.0","MIT","transitive or optional","node_modules/destroy"
"detect-libc","2.1.2","Apache-2.0","transitive or optional","node_modules/detect-libc"
"dijkstrajs","1.0.3","MIT","transitive or optional","node_modules/dijkstrajs"
"doctrine","2.1.0","Apache-2.0","transitive or optional","node_modules/doctrine"
"drizzle-kit","0.31.11","MIT","direct development","node_modules/drizzle-kit"
"drizzle-orm","0.45.3","Apache-2.0","direct runtime","node_modules/drizzle-orm"
"dunder-proto","1.0.1","MIT","transitive or optional","node_modules/dunder-proto"
"ee-first","1.1.1","MIT","transitive or optional","node_modules/ee-first"
"electron","42.11.10","MIT","direct development","node_modules/electron"
"electron-to-chromium","1.5.444","ISC","transitive or optional","node_modules/electron-to-chromium"
"emoji-regex","9.2.2","MIT","transitive or optional","node_modules/emoji-regex"
"emoji-regex","8.0.0","MIT","transitive or optional","node_modules/string-width/node_modules/emoji-regex"
"encodeurl","2.0.0","MIT","transitive or optional","node_modules/encodeurl"
"enhanced-resolve","5.26.0","MIT","transitive or optional","node_modules/enhanced-resolve"
"env-paths","3.0.0","MIT","transitive or optional","node_modules/env-paths"
"es-abstract","1.24.2","MIT","transitive or optional","node_modules/es-abstract"
"es-abstract-get","1.0.0","MIT","transitive or optional","node_modules/es-abstract-get"
"es-define-property","1.0.1","MIT","transitive or optional","node_modules/es-define-property"
"es-errors","1.3.0","MIT","transitive or optional","node_modules/es-errors"
"es-iterator-helpers","1.4.0","MIT","transitive or optional","node_modules/es-iterator-helpers"
"es-module-lexer","2.3.2","MIT","transitive or optional","node_modules/es-module-lexer"
"es-object-atoms","1.1.2","MIT","transitive or optional","node_modules/es-object-atoms"
"es-set-tostringtag","2.1.0","MIT","transitive or optional","node_modules/es-set-tostringtag"
"es-shim-unscopables","1.1.0","MIT","transitive or optional","node_modules/es-shim-unscopables"
"es-to-primitive","1.3.4","MIT","transitive or optional","node_modules/es-to-primitive"
"esbuild","0.25.12","MIT","transitive or optional","node_modules/@esbuild-kit/core-utils/node_modules/esbuild"
"esbuild","0.25.12","MIT","transitive or optional","node_modules/drizzle-kit/node_modules/esbuild"
"esbuild","0.28.2","MIT","transitive or optional","node_modules/esbuild"
"escalade","3.2.0","MIT","transitive or optional","node_modules/escalade"
"escape-html","1.0.3","MIT","transitive or optional","node_modules/escape-html"
"escape-string-regexp","4.0.0","MIT","transitive or optional","node_modules/escape-string-regexp"
"escodegen","2.1.0","BSD-2-Clause","transitive or optional","node_modules/escodegen"
"eslint","9.39.5","MIT","direct development","node_modules/eslint"
"eslint-config-next","16.3.8","MIT","direct development","node_modules/eslint-config-next"
"eslint-import-resolver-node","0.3.10","MIT","transitive or optional","node_modules/eslint-import-resolver-node"
"eslint-import-resolver-typescript","3.10.1","ISC","transitive or optional","node_modules/eslint-import-resolver-typescript"
"eslint-module-utils","2.14.0","MIT","transitive or optional","node_modules/eslint-module-utils"
"eslint-plugin-import","2.32.0","MIT","transitive or optional","node_modules/eslint-plugin-import"
"eslint-plugin-jsx-a11y","6.10.2","MIT","transitive or optional","node_modules/eslint-plugin-jsx-a11y"
"eslint-plugin-react","7.37.5","MIT","transitive or optional","node_modules/eslint-plugin-react"
"eslint-plugin-react-hooks","7.1.1","MIT","transitive or optional","node_modules/eslint-plugin-react-hooks"
"eslint-scope","8.4.0","BSD-2-Clause","transitive or optional","node_modules/eslint-scope"
"eslint-visitor-keys","3.4.3","Apache-2.0","transitive or optional","node_modules/@eslint-community/eslint-utils/node_modules/eslint-visitor-keys"
"eslint-visitor-keys","3.4.3","Apache-2.0","transitive or optional","node_modules/@next/eslint-plugin-next/node_modules/eslint-visitor-keys"
"eslint-visitor-keys","5.0.1","Apache-2.0","transitive or optional","node_modules/@typescript-eslint/visitor-keys/node_modules/eslint-visitor-keys"
"eslint-visitor-keys","4.2.1","Apache-2.0","transitive or optional","node_modules/eslint-visitor-keys"
"espree","10.4.0","BSD-2-Clause","transitive or optional","node_modules/espree"
"esprima","4.0.1","BSD-2-Clause","transitive or optional","node_modules/esprima"
"esquery","1.7.0","BSD-3-Clause","transitive or optional","node_modules/esquery"
"esrecurse","4.3.0","BSD-2-Clause","transitive or optional","node_modules/esrecurse"
"estraverse","5.3.0","BSD-2-Clause","transitive or optional","node_modules/estraverse"
"estree-walker","3.0.3","MIT","transitive or optional","node_modules/estree-walker"
"esutils","2.0.3","BSD-2-Clause","transitive or optional","node_modules/esutils"
"etag","1.8.1","MIT","transitive or optional","node_modules/etag"
"expect-type","1.4.0","Apache-2.0","transitive or optional","node_modules/expect-type"
"express","4.22.3","MIT","transitive or optional","node_modules/express"
"express-fileupload","1.5.2","MIT","transitive or optional","node_modules/express-fileupload"
"fast-deep-equal","3.1.3","MIT","transitive or optional","node_modules/fast-deep-equal"
"fast-glob","3.3.1","MIT","transitive or optional","node_modules/fast-glob"
"fast-json-stable-stringify","2.1.0","MIT","transitive or optional","node_modules/fast-json-stable-stringify"
"fast-levenshtein","2.0.6","MIT","transitive or optional","node_modules/fast-levenshtein"
"fastq","1.20.3","ISC","transitive or optional","node_modules/fastq"
"fdir","6.5.0","MIT","transitive or optional","node_modules/tinyglobby/node_modules/fdir"
"file-entry-cache","8.0.0","MIT","transitive or optional","node_modules/file-entry-cache"
"file-type","21.3.4","MIT","transitive or optional","node_modules/file-type"
"fill-range","7.1.1","MIT","transitive or optional","node_modules/fill-range"
"finalhandler","1.3.2","MIT","transitive or optional","node_modules/finalhandler"
"find-up","5.0.0","MIT","transitive or optional","node_modules/find-up"
"find-up","4.1.0","MIT","transitive or optional","node_modules/qrcode/node_modules/find-up"
"flat-cache","4.0.1","MIT","transitive or optional","node_modules/flat-cache"
"flatted","3.4.4","ISC","transitive or optional","node_modules/flatted"
"follow-redirects","1.16.1","MIT","transitive or optional","node_modules/follow-redirects"
"for-each","0.3.5","MIT","transitive or optional","node_modules/for-each"
"form-data","4.0.6","MIT","transitive or optional","node_modules/form-data"
"forwarded","0.2.0","MIT","transitive or optional","node_modules/forwarded"
"framer-motion","14.0.0","MIT","transitive or optional","node_modules/framer-motion"
"fresh","0.5.2","MIT","transitive or optional","node_modules/fresh"
"fsevents","2.3.3","MIT","transitive or optional","node_modules/fsevents"
"function-bind","1.1.2","MIT","transitive or optional","node_modules/function-bind"
"function.prototype.name","1.2.0","MIT","transitive or optional","node_modules/function.prototype.name"
"functions-have-names","1.2.3","MIT","transitive or optional","node_modules/functions-have-names"
"generator-function","2.0.1","MIT","transitive or optional","node_modules/generator-function"
"gensync","1.0.0-beta.2","MIT","transitive or optional","node_modules/gensync"
"get-caller-file","2.0.5","ISC","transitive or optional","node_modules/get-caller-file"
"get-intrinsic","1.3.0","MIT","transitive or optional","node_modules/get-intrinsic"
"get-proto","1.0.1","MIT","transitive or optional","node_modules/get-proto"
"get-symbol-description","1.1.0","MIT","transitive or optional","node_modules/get-symbol-description"
"get-tsconfig","4.14.3","MIT","transitive or optional","node_modules/get-tsconfig"
"get-uri","6.0.5","MIT","transitive or optional","node_modules/get-uri"
"glob-parent","5.1.2","ISC","transitive or optional","node_modules/fast-glob/node_modules/glob-parent"
"glob-parent","6.0.2","ISC","transitive or optional","node_modules/glob-parent"
"globals","16.4.0","MIT","transitive or optional","node_modules/eslint-config-next/node_modules/globals"
"globals","14.0.0","MIT","transitive or optional","node_modules/globals"
"globalthis","1.0.4","MIT","transitive or optional","node_modules/globalthis"
"gopd","1.2.0","MIT","transitive or optional","node_modules/gopd"
"graceful-fs","4.2.11","ISC","transitive or optional","node_modules/graceful-fs"
"has-bigints","1.1.0","MIT","transitive or optional","node_modules/has-bigints"
"has-flag","4.0.0","MIT","transitive or optional","node_modules/has-flag"
"has-property-descriptors","1.0.2","MIT","transitive or optional","node_modules/has-property-descriptors"
"has-proto","1.2.0","MIT","transitive or optional","node_modules/has-proto"
"has-symbols","1.1.0","MIT","transitive or optional","node_modules/has-symbols"
"has-tostringtag","1.0.2","MIT","transitive or optional","node_modules/has-tostringtag"
"hasown","2.0.4","MIT","transitive or optional","node_modules/hasown"
"hermes-estree","0.25.1","MIT","transitive or optional","node_modules/hermes-estree"
"hermes-parser","0.25.1","MIT","transitive or optional","node_modules/hermes-parser"
"http-errors","2.0.1","MIT","transitive or optional","node_modules/http-errors"
"http-proxy-agent","7.0.2","MIT","transitive or optional","node_modules/http-proxy-agent"
"https-proxy-agent","5.0.1","MIT","transitive or optional","node_modules/https-proxy-agent"
"https-proxy-agent","7.0.6","MIT","transitive or optional","node_modules/pac-proxy-agent/node_modules/https-proxy-agent"
"iconv-lite","0.4.24","MIT","transitive or optional","node_modules/iconv-lite"
"ieee754","1.2.1","BSD-3-Clause","transitive or optional","node_modules/ieee754"
"ignore","7.0.11","MIT","transitive or optional","node_modules/@typescript-eslint/eslint-plugin/node_modules/ignore"
"ignore","5.3.2","MIT","transitive or optional","node_modules/ignore"
"import-fresh","3.3.1","MIT","transitive or optional","node_modules/import-fresh"
"imurmurhash","0.1.4","MIT","transitive or optional","node_modules/imurmurhash"
"inherits","2.0.4","ISC","transitive or optional","node_modules/inherits"
"internal-slot","1.1.0","MIT","transitive or optional","node_modules/internal-slot"
"ip-address","10.7.3","MIT","transitive or optional","node_modules/ip-address"
"ipaddr.js","1.9.1","MIT","transitive or optional","node_modules/ipaddr.js"
"is-array-buffer","3.0.5","MIT","transitive or optional","node_modules/is-array-buffer"
"is-async-function","2.1.1","MIT","transitive or optional","node_modules/is-async-function"
"is-bigint","1.1.0","MIT","transitive or optional","node_modules/is-bigint"
"is-boolean-object","1.2.2","MIT","transitive or optional","node_modules/is-boolean-object"
"is-buffer","1.1.6","MIT","transitive or optional","node_modules/is-buffer"
"is-bun-module","2.0.0","MIT","transitive or optional","node_modules/is-bun-module"
"is-callable","1.2.7","MIT","transitive or optional","node_modules/is-callable"
"is-core-module","2.17.0","MIT","transitive or optional","node_modules/is-core-module"
"is-data-view","1.0.2","MIT","transitive or optional","node_modules/is-data-view"
"is-date-object","1.1.0","MIT","transitive or optional","node_modules/is-date-object"
"is-document.all","1.0.0","MIT","transitive or optional","node_modules/is-document.all"
"is-extglob","2.1.1","MIT","transitive or optional","node_modules/is-extglob"
"is-finalizationregistry","1.1.1","MIT","transitive or optional","node_modules/is-finalizationregistry"
"is-fullwidth-code-point","3.0.0","MIT","transitive or optional","node_modules/is-fullwidth-code-point"
"is-generator-function","1.1.2","MIT","transitive or optional","node_modules/is-generator-function"
"is-glob","4.0.3","MIT","transitive or optional","node_modules/is-glob"
"is-map","2.0.3","MIT","transitive or optional","node_modules/is-map"
"is-negative-zero","2.0.3","MIT","transitive or optional","node_modules/is-negative-zero"
"is-number","7.0.0","MIT","transitive or optional","node_modules/is-number"
"is-number-object","1.1.1","MIT","transitive or optional","node_modules/is-number-object"
"is-regex","1.2.1","MIT","transitive or optional","node_modules/is-regex"
"is-set","2.0.3","MIT","transitive or optional","node_modules/is-set"
"is-shared-array-buffer","1.0.4","MIT","transitive or optional","node_modules/is-shared-array-buffer"
"is-string","1.1.1","MIT","transitive or optional","node_modules/is-string"
"is-symbol","1.1.1","MIT","transitive or optional","node_modules/is-symbol"
"is-typed-array","1.1.15","MIT","transitive or optional","node_modules/is-typed-array"
"is-weakmap","2.0.2","MIT","transitive or optional","node_modules/is-weakmap"
"is-weakref","1.1.1","MIT","transitive or optional","node_modules/is-weakref"
"is-weakset","2.0.4","MIT","transitive or optional","node_modules/is-weakset"
"isarray","2.0.5","MIT","transitive or optional","node_modules/isarray"
"isexe","2.0.0","ISC","transitive or optional","node_modules/isexe"
"iterator.prototype","1.1.5","MIT","transitive or optional","node_modules/iterator.prototype"
"jiti","2.7.0","MIT","transitive or optional","node_modules/jiti"
"js-tokens","4.0.0","MIT","transitive or optional","node_modules/js-tokens"
"js-yaml","4.3.2","MIT","transitive or optional","node_modules/js-yaml"
"jsesc","3.1.0","MIT","transitive or optional","node_modules/jsesc"
"json-buffer","3.0.1","MIT","transitive or optional","node_modules/json-buffer"
"json-schema-traverse","0.4.1","MIT","transitive or optional","node_modules/json-schema-traverse"
"json-stable-stringify-without-jsonify","1.0.1","MIT","transitive or optional","node_modules/json-stable-stringify-without-jsonify"
"json5","2.2.3","MIT","transitive or optional","node_modules/json5"
"json5","1.0.2","MIT","transitive or optional","node_modules/tsconfig-paths/node_modules/json5"
"jsx-ast-utils","3.3.5","MIT","transitive or optional","node_modules/jsx-ast-utils"
"keyv","4.5.4","MIT","transitive or optional","node_modules/keyv"
"language-subtag-registry","0.3.23","CC0-1.0","transitive or optional","node_modules/language-subtag-registry"
"language-tags","1.0.9","MIT","transitive or optional","node_modules/language-tags"
"levn","0.4.1","MIT","transitive or optional","node_modules/levn"
"lightningcss","1.32.0","MPL-2.0","transitive or optional","node_modules/lightningcss"
"lightningcss","1.33.0","MPL-2.0","transitive or optional","node_modules/vite/node_modules/lightningcss"
"lightningcss-android-arm64","1.32.0","MPL-2.0","transitive or optional","node_modules/lightningcss-android-arm64"
"lightningcss-android-arm64","1.33.0","MPL-2.0","transitive or optional","node_modules/vite/node_modules/lightningcss-android-arm64"
"lightningcss-darwin-arm64","1.32.0","MPL-2.0","transitive or optional","node_modules/lightningcss-darwin-arm64"
"lightningcss-darwin-arm64","1.33.0","MPL-2.0","transitive or optional","node_modules/vite/node_modules/lightningcss-darwin-arm64"
"lightningcss-darwin-x64","1.32.0","MPL-2.0","transitive or optional","node_modules/lightningcss-darwin-x64"
"lightningcss-darwin-x64","1.33.0","MPL-2.0","transitive or optional","node_modules/vite/node_modules/lightningcss-darwin-x64"
"lightningcss-freebsd-x64","1.32.0","MPL-2.0","transitive or optional","node_modules/lightningcss-freebsd-x64"
"lightningcss-freebsd-x64","1.33.0","MPL-2.0","transitive or optional","node_modules/vite/node_modules/lightningcss-freebsd-x64"
"lightningcss-linux-arm-gnueabihf","1.32.0","MPL-2.0","transitive or optional","node_modules/lightningcss-linux-arm-gnueabihf"
"lightningcss-linux-arm-gnueabihf","1.33.0","MPL-2.0","transitive or optional","node_modules/vite/node_modules/lightningcss-linux-arm-gnueabihf"
"lightningcss-linux-arm64-gnu","1.32.0","MPL-2.0","transitive or optional","node_modules/lightningcss-linux-arm64-gnu"
"lightningcss-linux-arm64-gnu","1.33.0","MPL-2.0","transitive or optional","node_modules/vite/node_modules/lightningcss-linux-arm64-gnu"
"lightningcss-linux-arm64-musl","1.32.0","MPL-2.0","transitive or optional","node_modules/lightningcss-linux-arm64-musl"
"lightningcss-linux-arm64-musl","1.33.0","MPL-2.0","transitive or optional","node_modules/vite/node_modules/lightningcss-linux-arm64-musl"
"lightningcss-linux-x64-gnu","1.32.0","MPL-2.0","transitive or optional","node_modules/lightningcss-linux-x64-gnu"
"lightningcss-linux-x64-gnu","1.33.0","MPL-2.0","transitive or optional","node_modules/vite/node_modules/lightningcss-linux-x64-gnu"
"lightningcss-linux-x64-musl","1.32.0","MPL-2.0","transitive or optional","node_modules/lightningcss-linux-x64-musl"
"lightningcss-linux-x64-musl","1.33.0","MPL-2.0","transitive or optional","node_modules/vite/node_modules/lightningcss-linux-x64-musl"
"lightningcss-win32-arm64-msvc","1.32.0","MPL-2.0","transitive or optional","node_modules/lightningcss-win32-arm64-msvc"
"lightningcss-win32-arm64-msvc","1.33.0","MPL-2.0","transitive or optional","node_modules/vite/node_modules/lightningcss-win32-arm64-msvc"
"lightningcss-win32-x64-msvc","1.32.0","MPL-2.0","transitive or optional","node_modules/lightningcss-win32-x64-msvc"
"lightningcss-win32-x64-msvc","1.33.0","MPL-2.0","transitive or optional","node_modules/vite/node_modules/lightningcss-win32-x64-msvc"
"locate-path","6.0.0","MIT","transitive or optional","node_modules/locate-path"
"locate-path","5.0.0","MIT","transitive or optional","node_modules/qrcode/node_modules/locate-path"
"lodash.merge","4.6.2","MIT","transitive or optional","node_modules/lodash.merge"
"loose-envify","1.4.0","MIT","transitive or optional","node_modules/loose-envify"
"lru-cache","5.1.1","ISC","transitive or optional","node_modules/lru-cache"
"magic-string","1.4.2","MIT","transitive or optional","node_modules/@vitest/mocker/node_modules/magic-string"
"magic-string","0.30.21","MIT","transitive or optional","node_modules/magic-string"
"magic-string","1.4.2","MIT","transitive or optional","node_modules/vitest/node_modules/magic-string"
"math-intrinsics","1.1.0","MIT","transitive or optional","node_modules/math-intrinsics"
"md5","2.3.0","BSD-3-Clause","transitive or optional","node_modules/md5"
"media-typer","2.0.0","MIT","transitive or optional","node_modules/media-typer"
"media-typer","0.3.0","MIT","transitive or optional","node_modules/type-is/node_modules/media-typer"
"merge-descriptors","1.0.3","MIT","transitive or optional","node_modules/merge-descriptors"
"merge2","1.4.1","MIT","transitive or optional","node_modules/merge2"
"methods","1.1.2","MIT","transitive or optional","node_modules/methods"
"micromatch","4.0.8","MIT","transitive or optional","node_modules/micromatch"
"mime","1.6.0","MIT","transitive or optional","node_modules/mime"
"mime-db","1.52.0","MIT","transitive or optional","node_modules/mime-db"
"mime-types","2.1.35","MIT","transitive or optional","node_modules/mime-types"
"minimatch","10.2.6","BlueOak-1.0.0","transitive or optional","node_modules/@typescript-eslint/typescript-estree/node_modules/minimatch"
"minimatch","3.1.5","ISC","transitive or optional","node_modules/minimatch"
"minimist","1.2.8","MIT","transitive or optional","node_modules/minimist"
"motion","14.0.0","MIT","direct runtime","node_modules/motion"
"motion-dom","14.0.0","MIT","transitive or optional","node_modules/motion-dom"
"motion-utils","14.0.0","MIT","transitive or optional","node_modules/motion-utils"
"ms","2.0.0","MIT","transitive or optional","node_modules/body-parser/node_modules/ms"
"ms","2.0.0","MIT","transitive or optional","node_modules/express/node_modules/ms"
"ms","2.0.0","MIT","transitive or optional","node_modules/finalhandler/node_modules/ms"
"ms","2.1.3","MIT","transitive or optional","node_modules/ms"
"ms","2.0.0","MIT","transitive or optional","node_modules/send/node_modules/debug/node_modules/ms"
"music-metadata","11.14.0","MIT","transitive or optional","node_modules/music-metadata"
"nanoid","3.3.19","MIT","transitive or optional","node_modules/nanoid"
"napi-postinstall","0.3.4","MIT","transitive or optional","node_modules/napi-postinstall"
"natural-compare","1.4.0","MIT","transitive or optional","node_modules/natural-compare"
"negotiator","0.6.3","MIT","transitive or optional","node_modules/negotiator"
"NeteaseCloudMusicApi","4.32.0","MIT","direct runtime","node_modules/NeteaseCloudMusicApi"
"netmask","2.1.1","MIT","transitive or optional","node_modules/netmask"
"next","16.3.8","MIT","direct runtime","node_modules/next"
"node-exports-info","1.6.2","MIT","transitive or optional","node_modules/node-exports-info"
"node-forge","1.4.0","(BSD-3-Clause OR GPL-2.0)","transitive or optional","node_modules/node-forge"
"node-releases","2.0.57","MIT","transitive or optional","node_modules/node-releases"
"object-assign","4.1.1","MIT","transitive or optional","node_modules/object-assign"
"object-inspect","1.13.4","MIT","transitive or optional","node_modules/object-inspect"
"object-keys","1.1.1","MIT","transitive or optional","node_modules/object-keys"
"object.assign","4.1.7","MIT","transitive or optional","node_modules/object.assign"
"object.entries","1.1.9","MIT","transitive or optional","node_modules/object.entries"
"object.fromentries","2.0.8","MIT","transitive or optional","node_modules/object.fromentries"
"object.groupby","1.0.3","MIT","transitive or optional","node_modules/object.groupby"
"object.values","1.2.1","MIT","transitive or optional","node_modules/object.values"
"obug","2.2.1","MIT","transitive or optional","node_modules/obug"
"on-finished","2.4.1","MIT","transitive or optional","node_modules/on-finished"
"optionator","0.9.4","MIT","transitive or optional","node_modules/optionator"
"own-keys","1.0.2","MIT","transitive or optional","node_modules/own-keys"
"p-limit","3.1.0","MIT","transitive or optional","node_modules/p-limit"
"p-limit","2.3.0","MIT","transitive or optional","node_modules/qrcode/node_modules/p-limit"
"p-locate","5.0.0","MIT","transitive or optional","node_modules/p-locate"
"p-locate","4.1.0","MIT","transitive or optional","node_modules/qrcode/node_modules/p-locate"
"p-try","2.2.0","MIT","transitive or optional","node_modules/p-try"
"pac-proxy-agent","7.2.0","MIT","transitive or optional","node_modules/pac-proxy-agent"
"pac-resolver","7.0.1","MIT","transitive or optional","node_modules/pac-resolver"
"parent-module","1.0.1","MIT","transitive or optional","node_modules/parent-module"
"parseurl","1.3.3","MIT","transitive or optional","node_modules/parseurl"
"path-exists","4.0.0","MIT","transitive or optional","node_modules/path-exists"
"path-key","3.1.1","MIT","transitive or optional","node_modules/path-key"
"path-parse","1.0.7","MIT","transitive or optional","node_modules/path-parse"
"path-to-regexp","0.1.13","MIT","transitive or optional","node_modules/path-to-regexp"
"pg","8.23.1","MIT","direct runtime","node_modules/pg"
"pg-cloudflare","1.4.1","MIT","transitive or optional","node_modules/pg-cloudflare"
"pg-connection-string","2.14.1","MIT","transitive or optional","node_modules/pg-connection-string"
"pg-int8","1.0.1","ISC","transitive or optional","node_modules/pg-int8"
"pg-pool","3.14.0","MIT","transitive or optional","node_modules/pg-pool"
"pg-protocol","1.16.1","MIT","transitive or optional","node_modules/pg-protocol"
"pg-types","2.2.0","MIT","transitive or optional","node_modules/pg-types"
"pgpass","1.0.5","MIT","transitive or optional","node_modules/pgpass"
"picocolors","1.1.1","ISC","transitive or optional","node_modules/picocolors"
"picomatch","2.3.2","MIT","transitive or optional","node_modules/picomatch"
"picomatch","4.0.7","MIT","transitive or optional","node_modules/tinyglobby/node_modules/picomatch"
"picomatch","4.0.7","MIT","transitive or optional","node_modules/vite/node_modules/picomatch"
"picomatch","4.0.7","MIT","transitive or optional","node_modules/vitest/node_modules/picomatch"
"playwright","1.63.0","Apache-2.0","transitive or optional","node_modules/playwright"
"playwright-core","1.63.0","Apache-2.0","transitive or optional","node_modules/playwright-core"
"pngjs","5.0.0","MIT","transitive or optional","node_modules/pngjs"
"possible-typed-array-names","1.1.0","MIT","transitive or optional","node_modules/possible-typed-array-names"
"postcss","8.5.23","MIT","transitive or optional","node_modules/postcss"
"postcss","8.5.28","MIT","transitive or optional","node_modules/vite/node_modules/postcss"
"postgres-array","2.0.0","MIT","transitive or optional","node_modules/postgres-array"
"postgres-bytea","1.0.1","MIT","transitive or optional","node_modules/postgres-bytea"
"postgres-date","1.0.7","MIT","transitive or optional","node_modules/postgres-date"
"postgres-interval","1.2.0","MIT","transitive or optional","node_modules/postgres-interval"
"prelude-ls","1.2.1","MIT","transitive or optional","node_modules/prelude-ls"
"progress","2.0.3","MIT","transitive or optional","node_modules/progress"
"prop-types","15.8.1","MIT","transitive or optional","node_modules/prop-types"
"proxy-addr","2.0.8","MIT","transitive or optional","node_modules/proxy-addr"
"proxy-from-env","2.1.0","MIT","transitive or optional","node_modules/proxy-from-env"
"punycode","2.3.1","MIT","transitive or optional","node_modules/punycode"
"qrcode","1.5.4","MIT","direct runtime","node_modules/qrcode"
"qs","6.16.0","BSD-3-Clause","transitive or optional","node_modules/qs"
"queue-microtask","1.2.3","MIT","transitive or optional","node_modules/queue-microtask"
"range-parser","1.2.1","MIT","transitive or optional","node_modules/range-parser"
"raw-body","2.5.3","MIT","transitive or optional","node_modules/raw-body"
"react","19.3.0","MIT","direct runtime","node_modules/react"
"react-dom","19.3.0","MIT","direct runtime","node_modules/react-dom"
"react-is","16.13.1","MIT","transitive or optional","node_modules/react-is"
"reflect.getprototypeof","1.0.10","MIT","transitive or optional","node_modules/reflect.getprototypeof"
"regexp.prototype.flags","1.5.4","MIT","transitive or optional","node_modules/regexp.prototype.flags"
"require-directory","2.1.1","MIT","transitive or optional","node_modules/require-directory"
"require-main-filename","2.0.0","ISC","transitive or optional","node_modules/require-main-filename"
"resolve","2.0.0-next.7","MIT","transitive or optional","node_modules/resolve"
"resolve-from","4.0.0","MIT","transitive or optional","node_modules/resolve-from"
"resolve-pkg-maps","1.0.0","MIT","transitive or optional","node_modules/resolve-pkg-maps"
"reusify","1.1.0","MIT","transitive or optional","node_modules/reusify"
"rolldown","1.2.12","MIT","transitive or optional","node_modules/rolldown"
"run-parallel","1.2.0","MIT","transitive or optional","node_modules/run-parallel"
"safe-array-concat","1.1.4","MIT","transitive or optional","node_modules/safe-array-concat"
"safe-buffer","5.2.1","MIT","transitive or optional","node_modules/safe-buffer"
"safe-decode-uri-component","1.2.1","MIT","transitive or optional","node_modules/safe-decode-uri-component"
"safe-push-apply","1.0.0","MIT","transitive or optional","node_modules/safe-push-apply"
"safe-regex-test","1.1.0","MIT","transitive or optional","node_modules/safe-regex-test"
"safer-buffer","2.1.2","MIT","transitive or optional","node_modules/safer-buffer"
"sax","1.6.1","BlueOak-1.0.0","transitive or optional","node_modules/sax"
"scheduler","0.28.0","MIT","transitive or optional","node_modules/scheduler"
"semver","6.3.1","ISC","transitive or optional","node_modules/@babel/core/node_modules/semver"
"semver","6.3.1","ISC","transitive or optional","node_modules/@babel/helper-compilation-targets/node_modules/semver"
"semver","6.3.1","ISC","transitive or optional","node_modules/eslint-plugin-import/node_modules/semver"
"semver","6.3.1","ISC","transitive or optional","node_modules/eslint-plugin-react/node_modules/semver"
"semver","6.3.1","ISC","transitive or optional","node_modules/node-exports-info/node_modules/semver"
"semver","7.8.5","ISC","transitive or optional","node_modules/semver"
"send","0.19.2","MIT","transitive or optional","node_modules/send"
"serve-static","1.16.3","MIT","transitive or optional","node_modules/serve-static"
"server-only","0.0.1","MIT","direct runtime","node_modules/server-only"
"set-blocking","2.0.0","ISC","transitive or optional","node_modules/set-blocking"
"set-function-length","1.2.2","MIT","transitive or optional","node_modules/set-function-length"
"set-function-name","2.0.2","MIT","transitive or optional","node_modules/set-function-name"
"set-proto","1.0.0","MIT","transitive or optional","node_modules/set-proto"
"setprototypeof","1.2.0","ISC","transitive or optional","node_modules/setprototypeof"
"sharp","0.35.5","Apache-2.0","transitive or optional","node_modules/sharp"
"shebang-command","2.0.0","MIT","transitive or optional","node_modules/shebang-command"
"shebang-regex","3.0.0","MIT","transitive or optional","node_modules/shebang-regex"
"side-channel","1.1.1","MIT","transitive or optional","node_modules/side-channel"
"side-channel-list","1.0.1","MIT","transitive or optional","node_modules/side-channel-list"
"side-channel-map","1.0.1","MIT","transitive or optional","node_modules/side-channel-map"
"side-channel-weakmap","1.0.2","MIT","transitive or optional","node_modules/side-channel-weakmap"
"smart-buffer","4.2.0","MIT","transitive or optional","node_modules/smart-buffer"
"socks","2.8.10","MIT","transitive or optional","node_modules/socks"
"socks-proxy-agent","8.0.5","MIT","transitive or optional","node_modules/socks-proxy-agent"
"source-map","0.6.1","BSD-3-Clause","transitive or optional","node_modules/source-map"
"source-map-js","1.2.2","BSD-3-Clause","transitive or optional","node_modules/source-map-js"
"source-map-support","0.5.21","MIT","transitive or optional","node_modules/source-map-support"
"split2","4.2.0","ISC","transitive or optional","node_modules/split2"
"stable-hash","0.0.5","MIT","transitive or optional","node_modules/stable-hash"
"statuses","2.0.2","MIT","transitive or optional","node_modules/statuses"
"std-env","4.3.0","MIT","transitive or optional","node_modules/std-env"
"stop-iteration-iterator","1.1.0","MIT","transitive or optional","node_modules/stop-iteration-iterator"
"streamsearch","1.1.0","MIT","transitive or optional","node_modules/streamsearch"
"string-width","4.2.3","MIT","transitive or optional","node_modules/string-width"
"string.prototype.includes","2.0.1","MIT","transitive or optional","node_modules/string.prototype.includes"
"string.prototype.matchall","4.1.0","MIT","transitive or optional","node_modules/string.prototype.matchall"
"string.prototype.repeat","1.0.0","MIT","transitive or optional","node_modules/string.prototype.repeat"
"string.prototype.trim","1.2.11","MIT","transitive or optional","node_modules/string.prototype.trim"
"string.prototype.trimend","1.0.10","MIT","transitive or optional","node_modules/string.prototype.trimend"
"string.prototype.trimstart","1.0.8","MIT","transitive or optional","node_modules/string.prototype.trimstart"
"strip-ansi","6.0.1","MIT","transitive or optional","node_modules/strip-ansi"
"strip-bom","3.0.0","MIT","transitive or optional","node_modules/strip-bom"
"strip-json-comments","3.1.1","MIT","transitive or optional","node_modules/strip-json-comments"
"strtok3","10.3.5","MIT","transitive or optional","node_modules/strtok3"
"styled-jsx","5.1.6","MIT","transitive or optional","node_modules/styled-jsx"
"sumchecker","3.0.1","Apache-2.0","transitive or optional","node_modules/sumchecker"
"supports-color","7.2.0","MIT","transitive or optional","node_modules/supports-color"
"supports-preserve-symlinks-flag","1.0.0","MIT","transitive or optional","node_modules/supports-preserve-symlinks-flag"
"tailwindcss","4.3.3","MIT","direct development","node_modules/tailwindcss"
"tapable","2.3.3","MIT","transitive or optional","node_modules/tapable"
"tinybench","6.2.0","MIT","transitive or optional","node_modules/tinybench"
"tinyexec","1.3.1","MIT","transitive or optional","node_modules/tinyexec"
"tinyglobby","0.2.17","MIT","transitive or optional","node_modules/tinyglobby"
"to-regex-range","5.0.1","MIT","transitive or optional","node_modules/to-regex-range"
"toidentifier","1.0.1","MIT","transitive or optional","node_modules/toidentifier"
"token-types","6.1.2","MIT","transitive or optional","node_modules/token-types"
"ts-api-utils","2.5.0","MIT","transitive or optional","node_modules/ts-api-utils"
"tsconfig-paths","3.15.0","MIT","transitive or optional","node_modules/tsconfig-paths"
"tslib","2.8.1","0BSD","transitive or optional","node_modules/@tailwindcss/oxide-wasm32-wasi/node_modules/tslib"
"tslib","2.8.1","0BSD","transitive or optional","node_modules/tslib"
"tsx","4.23.15","MIT","direct development","node_modules/tsx"
"tunnel","0.0.6","MIT","transitive or optional","node_modules/tunnel"
"type-check","0.4.0","MIT","transitive or optional","node_modules/type-check"
"type-is","1.6.18","MIT","transitive or optional","node_modules/type-is"
"typed-array-buffer","1.0.3","MIT","transitive or optional","node_modules/typed-array-buffer"
"typed-array-byte-length","1.0.3","MIT","transitive or optional","node_modules/typed-array-byte-length"
"typed-array-byte-offset","1.0.5","MIT","transitive or optional","node_modules/typed-array-byte-offset"
"typed-array-length","1.0.8","MIT","transitive or optional","node_modules/typed-array-length"
"typescript","6.0.3","Apache-2.0","direct development","node_modules/typescript"
"typescript-eslint","8.71.0","MIT","transitive or optional","node_modules/typescript-eslint"
"uint8array-extras","1.6.0","MIT","transitive or optional","node_modules/uint8array-extras"
"unbox-primitive","1.1.0","MIT","transitive or optional","node_modules/unbox-primitive"
"undici","7.30.0","MIT","transitive or optional","node_modules/undici"
"undici-types","7.24.6","MIT","transitive or optional","node_modules/undici-types"
"unpipe","1.0.0","MIT","transitive or optional","node_modules/unpipe"
"unrs-resolver","1.12.2","MIT","transitive or optional","node_modules/unrs-resolver"
"update-browserslist-db","1.3.3","MIT","transitive or optional","node_modules/update-browserslist-db"
"uri-js","4.4.1","BSD-2-Clause","transitive or optional","node_modules/uri-js"
"use-sync-external-store","1.7.0","MIT","transitive or optional","node_modules/use-sync-external-store"
"utils-merge","1.0.1","MIT","transitive or optional","node_modules/utils-merge"
"vary","1.1.2","MIT","transitive or optional","node_modules/vary"
"vite","8.3.2","MIT","transitive or optional","node_modules/vite"
"vitest","5.0.3","MIT","direct development","node_modules/vitest"
"which","2.0.2","ISC","transitive or optional","node_modules/which"
"which-boxed-primitive","1.1.1","MIT","transitive or optional","node_modules/which-boxed-primitive"
"which-builtin-type","1.2.1","MIT","transitive or optional","node_modules/which-builtin-type"
"which-collection","1.0.2","MIT","transitive or optional","node_modules/which-collection"
"which-module","2.0.1","ISC","transitive or optional","node_modules/which-module"
"which-typed-array","1.1.24","MIT","transitive or optional","node_modules/which-typed-array"
"why-is-node-running","3.2.1","MIT","transitive or optional","node_modules/why-is-node-running"
"win-guid","0.2.1","MIT","transitive or optional","node_modules/win-guid"
"word-wrap","1.2.5","MIT","transitive or optional","node_modules/word-wrap"
"wrap-ansi","6.2.0","MIT","transitive or optional","node_modules/qrcode/node_modules/wrap-ansi"
"wrap-ansi","7.0.0","MIT","transitive or optional","node_modules/wrap-ansi"
"xml2js","0.6.2","MIT","transitive or optional","node_modules/xml2js"
"xmlbuilder","11.0.1","MIT","transitive or optional","node_modules/xmlbuilder"
"xtend","4.0.2","MIT","transitive or optional","node_modules/xtend"
"y18n","4.0.3","ISC","transitive or optional","node_modules/qrcode/node_modules/y18n"
"y18n","5.0.8","ISC","transitive or optional","node_modules/y18n"
"yallist","3.1.1","ISC","transitive or optional","node_modules/yallist"
"yargs","15.4.1","MIT","transitive or optional","node_modules/qrcode/node_modules/yargs"
"yargs","17.7.3","MIT","transitive or optional","node_modules/yargs"
"yargs-parser","18.1.3","ISC","transitive or optional","node_modules/qrcode/node_modules/yargs-parser"
"yargs-parser","21.1.1","ISC","transitive or optional","node_modules/yargs-parser"
"yocto-queue","0.1.0","MIT","transitive or optional","node_modules/yocto-queue"
"zod","4.6.5","MIT","direct runtime","node_modules/zod"
"zod-validation-error","4.0.2","MIT","transitive or optional","node_modules/zod-validation-error"
"zustand","4.5.7","MIT","transitive or optional","node_modules/zustand"
